日期,股票代码,开盘,收盘,最高,最低,成交量,成交额,振幅,涨跌幅,涨跌额,换手率
2022-07-15,603170,11.04,13.45,13.45,11.04,13232,19089833.0,26.69,48.95,4.42,3.31
2022-07-18,603170,14.9,14.9,14.9,14.9,2529,4026248.0,0.0,10.78,1.45,0.63
2022-07-19,603170,16.49,16.49,16.49,16.49,1790,3134553.0,0.0,10.67,1.59,0.45
2022-07-20,603170,18.24,18.24,18.24,18.24,2188,4213645.0,0.0,10.61,1.75,0.55
2022-07-21,603170,20.17,20.17,20.17,20.17,17207,36461654.0,0.0,10.58,1.93,4.3
2022-07-22,603170,22.29,22.29,22.29,22.29,27131,63242291.0,0.0,10.51,2.12,6.78
2022-07-25,603170,24.62,24.62,24.62,24.62,14513,37212332.0,0.0,10.45,2.33,3.63
2022-07-26,603170,27.18,27.18,27.18,27.18,5962,16813912.0,0.0,10.4,2.56,1.49
2022-07-27,603170,30.0,30.0,30.0,30.0,7192,22308995.0,0.0,10.38,2.82,1.8
2022-07-28,603170,33.1,33.1,33.1,33.1,50947,173831710.0,0.0,10.33,3.1,12.73
2022-07-29,603170,32.88,29.72,34.82,29.69,319506,1051056496.0,15.5,-10.21,-3.38,79.86
2022-08-01,603170,28.98,28.98,31.31,28.46,173854,539805121.0,9.59,-2.49,-0.74,43.45
2022-08-02,603170,28.98,27.58,29.79,26.59,167673,488890547.0,11.04,-4.83,-1.4,41.91
2022-08-03,603170,28.72,27.98,29.56,27.78,140978,419768607.0,6.45,1.45,0.4,35.24
2022-08-04,603170,27.31,27.59,27.88,25.98,126268,352512917.0,6.79,-1.39,-0.39,31.56
2022-08-05,603170,27.66,28.76,29.98,27.5,133195,395595345.0,8.99,4.24,1.17,33.29
2022-08-08,603170,28.27,28.84,30.21,28.27,114633,347575066.0,6.75,0.28,0.08,28.65
2022-08-09,603170,28.87,29.48,29.48,27.02,100216,291751385.0,8.53,2.22,0.64,25.05
2022-08-10,603170,28.82,29.28,29.66,28.3,92168,276390408.0,4.61,-0.68,-0.2,23.04
2022-08-11,603170,29.16,27.81,29.62,27.75,103741,308795336.0,6.39,-5.02,-1.47,25.93
2022-08-12,603170,27.1,27.16,27.8,26.57,75102,211594281.0,4.42,-2.34,-0.65,18.77
2022-08-15,603170,27.32,26.78,27.58,26.6,56732,159510340.0,3.61,-1.4,-0.38,14.18
2022-08-16,603170,26.43,27.43,27.68,24.88,131961,360372312.0,10.46,2.43,0.65,32.98
2022-08-17,603170,27.47,27.22,28.25,26.98,94677,271828597.0,4.63,-0.77,-0.21,23.66
2022-08-18,603170,26.28,26.07,26.94,25.76,68468,186554058.0,4.34,-4.22,-1.15,17.11
2022-08-19,603170,26.0,26.08,26.78,25.56,67674,183598107.0,4.68,0.04,0.01,16.91
2022-08-22,603170,25.68,25.99,26.25,24.91,54424,144204307.0,5.14,-0.35,-0.09,13.6
2022-08-23,603170,25.98,25.68,26.28,25.66,40799,110063402.0,2.39,-1.19,-0.31,10.2
2022-08-24,603170,25.33,24.48,25.98,24.48,38590,100929159.0,5.84,-4.67,-1.2,9.64
2022-08-25,603170,24.58,24.11,24.78,23.58,33263,83721130.0,4.9,-1.51,-0.37,8.31
2022-08-26,603170,24.13,24.99,26.58,23.99,48204,126689960.0,10.74,3.65,0.88,12.05
2022-08-29,603170,24.3,26.6,27.59,24.3,135544,377171875.0,13.17,6.44,1.61,33.88
2022-08-30,603170,26.08,26.81,28.28,25.58,113856,315124901.0,10.15,0.79,0.21,28.46
2022-08-31,603170,26.42,27.16,28.2,26.42,107984,306567273.0,6.64,1.31,0.35,26.99
2022-09-01,603170,28.03,27.65,28.07,26.48,95763,271734193.0,5.85,1.8,0.49,23.93
2022-09-02,603170,27.08,26.51,27.44,25.64,92826,255060829.0,6.51,-4.12,-1.14,23.2
2022-09-05,603170,26.15,25.14,26.2,24.79,65305,172945955.0,5.32,-5.17,-1.37,16.32
2022-09-06,603170,25.14,24.7,25.36,24.34,47208,121469428.0,4.06,-1.75,-0.44,11.8
2022-09-07,603170,24.67,24.9,25.27,24.38,46033,119037945.0,3.6,0.81,0.2,11.51
2022-09-08,603170,24.73,23.34,25.07,23.18,84141,209598785.0,7.59,-6.27,-1.56,21.03
2022-09-09,603170,23.34,23.56,23.56,22.56,53404,128351760.0,4.28,0.94,0.22,13.35
2022-09-13,603170,23.31,24.06,24.43,23.18,56483,141192716.0,5.31,2.12,0.5,14.12
2022-09-14,603170,23.64,24.45,24.53,23.38,48251,121701986.0,4.78,1.62,0.39,12.06
2022-09-15,603170,24.4,22.33,24.4,22.19,61482,147704363.0,9.04,-8.67,-2.12,15.37
2022-09-16,603170,22.18,22.27,22.89,22.06,31923,75034320.0,3.72,-0.27,-0.06,7.98
2022-09-19,603170,22.04,22.3,22.98,21.74,24516,57430279.0,5.57,0.13,0.03,6.13
2022-09-20,603170,22.82,22.26,23.16,22.19,21044,49547148.0,4.35,-0.18,-0.04,5.26
2022-09-21,603170,22.55,22.63,22.98,22.13,27016,63967088.0,3.82,1.66,0.37,6.75
2022-09-22,603170,22.18,22.88,23.08,21.66,56112,131275774.0,6.27,1.1,0.25,14.02
2022-09-23,603170,22.48,20.49,22.52,20.49,61792,137907977.0,8.87,-10.45,-2.39,15.44
2022-09-26,603170,20.12,20.39,20.96,20.12,54963,119071831.0,4.1,-0.49,-0.1,13.74
2022-09-27,603170,20.68,21.98,22.23,20.33,72810,162113883.0,9.32,7.8,1.59,18.2
2022-09-28,603170,21.7,22.68,23.75,21.7,87847,211145473.0,9.33,3.18,0.7,21.96
2022-09-29,603170,23.26,22.51,23.71,22.48,50087,120697571.0,5.42,-0.75,-0.17,12.52
2022-09-30,603170,22.92,22.85,23.89,22.55,40198,97136297.0,5.95,1.51,0.34,10.05
2022-10-10,603170,22.85,23.75,23.83,22.2,53062,129322370.0,7.13,3.94,0.9,13.26
2022-10-11,603170,23.64,23.26,23.77,22.7,31783,77017514.0,4.51,-2.06,-0.49,7.94
2022-10-12,603170,23.36,22.73,23.46,22.0,28207,66247972.0,6.28,-2.28,-0.53,7.05
2022-10-13,603170,22.73,23.94,24.58,22.48,33000,81925234.0,9.24,5.32,1.21,8.25
2022-10-14,603170,23.57,24.29,24.84,23.4,28533,71806801.0,6.02,1.46,0.35,7.13
2022-10-17,603170,24.17,25.21,25.6,24.1,33192,86005942.0,6.18,3.79,0.92,8.3
2022-10-18,603170,25.29,24.48,25.31,24.28,17884,45851292.0,4.09,-2.9,-0.73,4.47
2022-10-19,603170,24.38,23.81,24.43,23.47,21365,53172326.0,3.92,-2.74,-0.67,5.34
2022-10-20,603170,23.68,23.98,24.48,23.52,16336,41117078.0,4.03,0.71,0.17,4.08
2022-10-21,603170,23.98,23.99,24.38,23.47,12845,31971265.0,3.79,0.04,0.01,3.21
2022-10-24,603170,23.51,23.02,23.98,22.83,15848,38543214.0,4.79,-4.04,-0.97,3.96
2022-10-25,603170,22.58,23.45,23.68,22.05,19652,47174157.0,7.08,1.87,0.43,4.91
2022-10-26,603170,23.44,23.53,24.48,23.36,12976,32139432.0,4.78,0.34,0.08,3.24
2022-10-27,603170,23.32,22.97,23.87,22.97,13608,33076675.0,3.82,-2.38,-0.56,3.4
2022-10-28,603170,22.98,21.68,22.99,21.61,18561,42947843.0,6.01,-5.62,-1.29,4.64
2022-10-31,603170,22.07,22.82,22.95,21.83,13481,31761982.0,5.17,5.26,1.14,3.37
2022-11-01,603170,22.82,24.58,24.96,22.69,30397,75878092.0,9.95,7.71,1.76,7.6
2022-11-02,603170,24.28,25.29,26.3,24.28,53777,143575212.0,8.22,2.89,0.71,13.44
2022-11-03,603170,24.94,24.9,25.5,24.64,21292,55262512.0,3.4,-1.54,-0.39,5.32
2022-11-04,603170,24.76,25.74,26.35,24.76,28211,75152016.0,6.39,3.37,0.84,7.05
2022-11-07,603170,25.47,25.75,26.25,25.23,22974,61670590.0,3.96,0.04,0.01,5.74
2022-11-08,603170,25.6,24.99,25.98,24.88,10100,26486760.0,4.27,-2.95,-0.76,2.52
2022-11-09,603170,24.98,24.81,25.18,24.48,10227,26343679.0,2.8,-0.72,-0.18,2.56
2022-11-10,603170,24.77,24.57,24.9,24.3,10826,27743248.0,2.42,-0.97,-0.24,2.71
2022-11-11,603170,25.38,25.18,25.47,24.39,16773,43537589.0,4.4,2.48,0.61,4.19
2022-11-14,603170,25.31,25.12,25.96,24.8,18949,50062417.0,4.61,-0.24,-0.06,4.74
2022-11-15,603170,25.49,25.18,25.79,24.83,13743,36092301.0,3.82,0.24,0.06,3.43
2022-11-16,603170,25.18,26.61,26.76,25.0,34816,94661479.0,6.99,5.68,1.43,8.7
2022-11-17,603170,26.44,27.68,28.16,25.83,54248,154634422.0,8.76,4.02,1.07,13.56
2022-11-18,603170,27.68,27.16,28.64,26.9,28484,81925813.0,6.29,-1.88,-0.52,7.12
2022-11-21,603170,27.01,26.65,27.36,26.16,24690,68109936.0,4.42,-1.88,-0.51,6.17
2022-11-22,603170,26.65,25.74,26.87,25.57,11307,30611594.0,4.88,-3.41,-0.91,2.83
2022-11-23,603170,25.81,25.45,26.06,24.41,17825,46507932.0,6.41,-1.13,-0.29,4.46
2022-11-24,603170,25.47,26.38,26.46,24.98,15702,42443037.0,5.82,3.65,0.93,3.92
2022-11-25,603170,26.3,25.98,27.06,25.6,15026,41201605.0,5.53,-1.52,-0.4,3.76
2022-11-28,603170,25.73,27.27,27.27,25.06,24741,67262010.0,8.51,4.97,1.29,6.18
2022-11-29,603170,26.89,28.64,28.78,26.89,35200,102225417.0,6.93,5.02,1.37,8.8
2022-11-30,603170,28.23,27.48,28.68,26.88,28443,81262011.0,6.28,-4.05,-1.16,7.11
2022-12-01,603170,28.98,27.56,29.53,26.99,35426,102967789.0,9.24,0.29,0.08,8.85
2022-12-02,603170,27.32,27.77,28.27,27.14,14408,41368137.0,4.1,0.76,0.21,3.6
2022-12-05,603170,28.06,29.68,30.16,28.06,40267,122750694.0,7.56,6.88,1.91,10.06
2022-12-06,603170,29.67,29.15,31.58,28.82,45946,142992293.0,9.3,-1.79,-0.53,11.48
2022-12-07,603170,29.48,28.81,29.48,28.48,19702,58730118.0,3.43,-1.17,-0.34,4.92
2022-12-08,603170,28.62,29.18,29.61,28.38,22149,66410596.0,4.27,1.28,0.37,5.54
2022-12-09,603170,29.11,28.88,29.16,27.68,20434,60410918.0,5.07,-1.03,-0.3,5.11
2022-12-12,603170,28.73,28.29,29.12,28.18,11525,33973001.0,3.25,-2.04,-0.59,2.88
2022-12-13,603170,28.26,28.69,29.38,27.78,18293,54354490.0,5.66,1.41,0.4,4.57
2022-12-14,603170,28.3,28.68,29.33,28.01,17246,51467481.0,4.6,-0.03,-0.01,4.31
2022-12-15,603170,28.88,27.56,28.99,27.5,16550,48063380.0,5.2,-3.91,-1.12,4.14
2022-12-16,603170,27.7,27.74,27.98,27.16,11472,32726144.0,2.98,0.65,0.18,2.87
2022-12-19,603170,27.74,26.86,27.87,26.73,10696,30228560.0,4.11,-3.17,-0.88,2.67
2022-12-20,603170,26.97,26.32,26.97,25.96,8878,24299705.0,3.76,-2.01,-0.54,2.22
2022-12-21,603170,26.32,26.52,27.25,26.19,8625,23765243.0,4.03,0.76,0.2,2.16
2022-12-22,603170,26.85,26.23,27.24,25.98,8843,24497979.0,4.75,-1.09,-0.29,2.21
2022-12-23,603170,25.98,26.49,27.06,25.93,7666,21075161.0,4.31,0.99,0.26,1.92
2022-12-26,603170,27.07,27.92,28.63,26.6,18081,52145243.0,7.66,5.4,1.43,4.52
2022-12-27,603170,27.78,27.9,28.38,27.08,12896,37175497.0,4.66,-0.07,-0.02,3.22
2022-12-28,603170,28.01,27.06,28.01,26.89,8893,25170694.0,4.01,-3.01,-0.84,2.22
2022-12-29,603170,27.24,26.59,27.24,26.49,8941,24889043.0,2.77,-1.74,-0.47,2.23
2022-12-30,603170,26.96,27.31,27.66,25.9,15604,43160152.0,6.62,2.71,0.72,3.9
2023-01-03,603170,27.16,26.04,27.32,25.86,24266,66160388.0,5.35,-4.65,-1.27,6.07
2023-01-04,603170,25.87,26.2,26.35,25.18,15317,41170389.0,4.49,0.61,0.16,3.83
2023-01-05,603170,25.96,27.22,27.73,25.59,25991,72263106.0,8.17,3.89,1.02,6.5
2023-01-06,603170,27.21,27.5,27.71,26.68,15361,43554460.0,3.78,1.03,0.28,3.84
2023-01-09,603170,27.77,27.59,28.46,26.61,20720,59234968.0,6.73,0.33,0.09,5.18
2023-01-10,603170,27.58,28.74,29.66,27.15,24910,74279644.0,9.1,4.17,1.15,6.23
2023-01-11,603170,28.74,28.96,30.24,28.48,24069,73086674.0,6.12,0.77,0.22,6.02
2023-01-12,603170,29.04,28.5,29.26,28.43,10393,31000118.0,2.87,-1.59,-0.46,2.6
2023-01-13,603170,28.19,28.5,28.94,28.04,6594,19507620.0,3.16,0.0,0.0,1.65
2023-01-16,603170,28.38,27.65,29.17,27.61,17686,51567967.0,5.47,-2.98,-0.85,4.42
2023-01-17,603170,27.58,26.9,27.77,26.4,19593,54709011.0,4.95,-2.71,-0.75,4.9
2023-01-18,603170,27.11,26.91,27.55,26.57,12711,35646562.0,3.64,0.04,0.01,3.18
2023-01-19,603170,26.78,26.67,27.08,26.58,9490,26400777.0,1.86,-0.89,-0.24,2.37
2023-01-20,603170,26.39,26.57,26.95,26.39,8259,22841216.0,2.1,-0.37,-0.1,2.06
2023-01-30,603170,26.88,26.72,27.38,26.31,14373,39850828.0,4.03,0.56,0.15,3.59
2023-01-31,603170,26.71,26.16,26.77,25.94,13530,36805109.0,3.11,-2.1,-0.56,3.38
2023-02-01,603170,26.16,26.18,26.32,25.93,13300,36049672.0,1.49,0.08,0.02,3.32
2023-02-02,603170,26.18,27.73,28.78,25.99,38588,109876911.0,10.66,5.92,1.55,9.64
2023-02-03,603170,27.52,27.15,27.68,26.68,19212,53976790.0,3.61,-2.09,-0.58,4.8
2023-02-06,603170,26.91,25.79,26.91,25.51,33037,89129325.0,5.16,-5.01,-1.36,8.26
2023-02-07,603170,25.79,25.66,25.91,25.44,12853,34227907.0,1.82,-0.5,-0.13,3.21
2023-02-08,603170,25.74,24.93,25.74,24.34,33248,85750454.0,5.46,-2.84,-0.73,8.31
2023-02-09,603170,24.63,25.82,25.93,24.58,32528,85691462.0,5.42,3.57,0.89,8.13
2023-02-10,603170,26.48,28.5,28.5,26.48,58846,169129226.0,7.82,10.38,2.68,14.71
2023-02-13,603170,28.93,30.14,30.56,27.73,85294,258642664.0,9.93,5.75,1.64,21.32
2023-02-14,603170,29.54,29.17,29.87,28.58,53440,160891735.0,4.28,-3.22,-0.97,13.36
2023-02-15,603170,29.22,28.85,29.31,28.78,21785,65369757.0,1.82,-1.1,-0.32,5.44
2023-02-16,603170,29.09,27.99,29.26,27.78,30874,91414755.0,5.13,-2.98,-0.86,7.72
2023-02-17,603170,27.99,27.78,28.75,27.76,26857,78402413.0,3.54,-0.75,-0.21,6.71
2023-02-20,603170,27.78,28.13,28.28,27.56,19462,56424129.0,2.59,1.26,0.35,4.86
2023-02-21,603170,27.84,28.01,28.33,27.59,16203,46844371.0,2.63,-0.43,-0.12,4.05
2023-02-22,603170,27.96,28.3,28.72,27.61,22224,65141357.0,3.96,1.04,0.29,5.55
2023-02-23,603170,28.1,27.74,28.34,27.58,17009,49103551.0,2.69,-1.98,-0.56,4.25
2023-02-24,603170,27.71,28.01,28.37,27.28,20746,59936609.0,3.93,0.97,0.27,5.19
2023-02-27,603170,27.73,28.0,28.64,27.59,16496,47941376.0,3.75,-0.04,-0.01,4.12
2023-02-28,603170,27.98,28.58,28.64,27.5,25346,74105586.0,4.07,2.07,0.58,6.33
2023-03-01,603170,28.37,28.43,28.5,27.51,31537,91706949.0,3.46,-0.52,-0.15,7.88
2023-03-02,603170,28.42,27.89,28.42,27.26,34671,99975608.0,4.08,-1.9,-0.54,8.67
2023-03-03,603170,27.97,27.0,28.47,26.98,26772,76463128.0,5.34,-3.19,-0.89,6.69
2023-03-06,603170,26.85,28.14,28.23,26.78,32552,93078290.0,5.37,4.22,1.14,8.14
2023-03-07,603170,28.08,27.2,28.8,27.03,29498,84724431.0,6.29,-3.34,-0.94,7.37
2023-03-08,603170,27.22,27.47,27.56,26.48,14107,39815403.0,3.97,0.99,0.27,3.53
2023-03-09,603170,27.48,26.82,27.62,26.78,10328,29047943.0,3.06,-2.37,-0.65,2.58
2023-03-10,603170,26.96,25.67,26.96,25.63,24467,66060127.0,4.96,-4.29,-1.15,6.12
2023-03-13,603170,25.67,26.34,26.47,25.53,19219,51790430.0,3.66,2.61,0.67,4.8
2023-03-14,603170,26.36,25.21,26.63,25.14,28183,75042678.0,5.66,-4.29,-1.13,7.04
2023-03-15,603170,25.38,24.88,25.77,24.74,18492,48352565.0,4.09,-1.31,-0.33,4.62
2023-03-16,603170,24.86,24.64,24.98,24.28,23025,58860724.0,2.81,-0.96,-0.24,5.75
2023-03-17,603170,24.64,23.87,24.95,23.75,24342,61349748.0,4.87,-3.13,-0.77,6.08
2023-03-20,603170,24.03,23.38,24.03,22.98,22424,54728924.0,4.4,-2.05,-0.49,5.6
2023-03-21,603170,23.52,23.97,24.06,23.26,16110,39810995.0,3.42,2.52,0.59,4.03
2023-03-22,603170,24.18,24.13,24.46,24.05,11776,29721356.0,1.71,0.67,0.16,2.94
2023-03-23,603170,24.13,23.98,24.13,23.47,15143,37472188.0,2.74,-0.62,-0.15,3.78
2023-03-24,603170,23.71,23.5,24.53,23.31,22610,56408183.0,5.09,-2.0,-0.48,5.65
2023-03-27,603170,23.48,23.73,23.76,23.46,10407,25640508.0,1.28,0.98,0.23,2.6
2023-03-28,603170,23.81,23.64,23.96,23.5,9813,24242051.0,1.94,-0.38,-0.09,2.45
2023-03-29,603170,23.64,23.49,23.78,23.3,7599,18625642.0,2.03,-0.63,-0.15,1.9
2023-03-30,603170,23.58,23.97,24.09,23.35,12812,31845181.0,3.15,2.04,0.48,3.2
2023-03-31,603170,24.16,24.61,25.16,23.87,28243,72240312.0,5.38,2.67,0.64,7.06
2023-04-03,603170,24.63,23.91,24.63,23.68,41128,102929836.0,3.86,-2.84,-0.7,10.28
2023-04-04,603170,23.88,23.5,23.88,23.31,24665,60394329.0,2.38,-1.71,-0.41,6.16
2023-04-06,603170,23.49,23.02,23.61,22.9,13425,32436109.0,3.02,-2.04,-0.48,3.36
2023-04-07,603170,22.98,23.27,23.47,22.93,16136,39046187.0,2.35,1.09,0.25,4.03
2023-04-10,603170,23.19,23.13,23.43,22.83,17563,42347331.0,2.58,-0.6,-0.14,4.39
2023-04-11,603170,23.48,23.83,24.61,23.18,31963,79464747.0,6.18,3.03,0.7,7.99
2023-04-12,603170,23.83,23.89,24.4,23.82,19289,48283892.0,2.43,0.25,0.06,4.82
2023-04-13,603170,23.9,23.98,24.58,23.78,25783,65000559.0,3.35,0.38,0.09,6.44
2023-04-14,603170,23.98,23.8,24.36,23.8,14816,37062848.0,2.34,-0.75,-0.18,3.7
2023-04-17,603170,23.82,24.42,24.66,23.79,26455,66739834.0,3.66,2.61,0.62,6.61
2023-04-18,603170,24.23,24.88,25.23,24.01,23352,59973306.0,5.0,1.88,0.46,5.84
2023-04-19,603170,25.01,24.53,25.01,24.4,14033,36008891.0,2.45,-1.41,-0.35,3.51
2023-04-20,603170,24.53,23.95,24.69,23.82,12501,31397980.0,3.55,-2.36,-0.58,3.12
2023-04-21,603170,23.92,23.29,24.69,23.18,19445,48084409.0,6.3,-2.76,-0.66,4.86
2023-04-24,603170,23.24,22.28,23.63,22.21,18323,43063311.0,6.1,-4.34,-1.01,4.58
2023-04-25,603170,22.37,22.36,22.71,22.12,13588,31801599.0,2.65,0.36,0.08,3.4
2023-04-26,603170,22.64,22.66,22.7,22.17,8947,20997904.0,2.37,1.34,0.3,2.24
2023-04-27,603170,22.64,22.85,23.07,22.38,9381,22382297.0,3.05,0.84,0.19,2.34
2023-04-28,603170,22.69,23.48,23.53,22.68,12081,29219281.0,3.72,2.76,0.63,3.02
2023-05-04,603170,23.71,24.14,24.73,23.36,27289,68767048.0,5.83,2.81,0.66,6.82
2023-05-05,603170,24.32,22.99,24.32,22.8,18977,46143809.0,6.3,-4.76,-1.15,4.74
2023-05-08,603170,23.01,22.09,23.21,21.83,21949,51239209.0,6.0,-3.91,-0.9,5.49
2023-05-09,603170,21.94,21.73,22.16,21.48,16015,36548610.0,3.08,-1.63,-0.36,4.0
2023-05-10,603170,21.86,22.35,22.36,21.57,15661,36280824.0,3.64,2.85,0.62,3.91
2023-05-11,603170,22.18,21.6,22.46,21.54,16846,38522252.0,4.12,-3.36,-0.75,4.21
2023-05-12,603170,21.53,21.28,21.81,21.28,9740,21912988.0,2.45,-1.48,-0.32,2.43
2023-05-15,603170,21.1,21.1,21.33,20.72,19235,42228787.0,2.87,-0.85,-0.18,4.81
2023-05-16,603170,21.1,21.13,21.28,20.71,15003,33069656.0,2.7,0.14,0.03,3.75
2023-05-17,603170,20.98,20.78,21.16,20.65,13470,29407092.0,2.41,-1.66,-0.35,3.37
2023-05-18,603170,20.73,20.68,21.0,20.54,11626,25294740.0,2.21,-0.48,-0.1,2.91
2023-05-19,603170,20.68,21.13,21.14,20.3,17035,37392392.0,4.06,2.18,0.45,4.26
2023-05-22,603170,21.13,21.76,21.86,20.93,18033,40635688.0,4.4,2.98,0.63,4.51
2023-05-23,603170,21.77,21.08,21.87,21.08,15850,35611919.0,3.63,-3.13,-0.68,3.96
2023-05-24,603170,21.16,20.8,21.16,20.76,10594,23219972.0,1.9,-1.33,-0.28,2.65
2023-05-25,603170,20.98,20.81,21.0,20.58,10551,23000489.0,2.02,0.05,0.01,2.64
2023-05-26,603170,20.89,20.7,21.03,20.53,8311,18043671.0,2.4,-0.53,-0.11,2.08
2023-05-29,603170,20.6,20.48,20.84,20.35,8419,18123365.0,2.37,-1.06,-0.22,2.1
2023-05-30,603170,20.58,20.27,20.58,19.81,10022,21190056.0,3.76,-1.03,-0.21,2.5
2023-05-31,603170,20.19,19.94,20.26,19.82,10300,21601422.0,2.17,-1.63,-0.33,2.57
2023-06-01,603170,19.97,20.08,20.37,19.88,11039,23345313.0,2.46,0.7,0.14,2.76
2023-06-02,603170,20.08,20.46,20.69,19.94,12216,26109036.0,3.74,1.89,0.38,3.05
2023-06-05,603170,20.52,20.55,20.58,20.22,10480,22436800.0,1.76,0.44,0.09,2.62
2023-06-06,603170,20.49,20.19,20.68,20.16,9632,20643443.0,2.53,-1.75,-0.36,2.41
2023-06-07,603170,20.25,20.04,20.38,19.91,7955,16838084.0,2.33,-0.74,-0.15,1.99
2023-06-08,603170,20.24,19.83,20.25,19.83,7282,15283343.0,2.1,-1.05,-0.21,1.82
2023-06-09,603170,19.96,20.49,20.56,19.58,13757,29092007.0,4.94,3.33,0.66,3.44
2023-06-12,603170,20.55,20.98,21.28,20.07,19198,41809919.0,5.91,2.39,0.49,4.8
2023-06-13,603170,20.86,20.5,21.08,20.48,10677,23219084.0,2.86,-2.29,-0.48,2.67
2023-06-14,603170,20.48,21.03,21.27,20.37,16577,36389951.0,4.39,2.59,0.53,4.14
2023-06-15,603170,21.03,21.05,21.23,20.83,11139,24535225.0,1.9,0.1,0.02,2.78
2023-06-16,603170,21.05,20.77,21.17,20.56,11445,24965624.0,2.9,-1.33,-0.28,2.86
2023-06-19,603170,20.92,20.49,20.98,20.34,10853,23454881.0,3.08,-1.35,-0.28,2.71
2023-06-20,603170,20.57,20.2,20.61,20.16,7541,15915813.0,2.2,-1.42,-0.29,1.88
2023-06-21,603170,20.21,20.04,20.53,19.95,10262,21578663.0,2.87,-0.79,-0.16,2.56
2023-06-26,603170,20.03,19.41,20.03,19.35,9049,18419731.0,3.39,-3.14,-0.63,2.26
2023-06-27,603170,19.38,19.48,19.59,19.23,7386,14930065.0,1.85,0.36,0.07,1.85
2023-06-28,603170,19.51,20.42,20.61,19.24,20954,43595522.0,7.03,4.83,0.94,5.24
2023-06-29,603170,20.26,20.2,20.47,19.89,13508,28308337.0,2.84,-1.08,-0.22,3.38
2023-06-30,603170,20.06,20.49,20.66,20.06,15380,32548270.0,2.97,1.44,0.29,3.84
2023-07-03,603170,20.63,20.64,20.7,20.31,12806,27260426.0,1.9,0.73,0.15,3.2
2023-07-04,603170,20.64,20.59,20.82,20.39,10190,21776407.0,2.08,-0.24,-0.05,2.55
2023-07-05,603170,20.59,20.1,20.59,20.04,7665,16123826.0,2.67,-2.38,-0.49,1.92
2023-07-06,603170,20.04,19.93,20.3,19.9,6332,13173101.0,1.99,-0.85,-0.17,1.58
2023-07-07,603170,19.98,19.84,20.07,19.72,5177,10673977.0,1.76,-0.45,-0.09,1.29
2023-07-10,603170,20.07,19.02,20.1,18.99,24515,49320658.0,5.59,-4.13,-0.82,6.13
2023-07-11,603170,19.02,19.43,19.46,18.85,12376,24690675.0,3.21,2.16,0.41,3.09
2023-07-12,603170,20.0,18.93,20.03,18.87,27136,54086078.0,5.97,-2.57,-0.5,6.78
2023-07-13,603170,18.94,19.16,19.56,18.73,31410,62540184.0,4.38,1.22,0.23,7.85
2023-07-14,603170,19.12,18.77,19.23,18.72,23183,45604022.0,2.66,-2.04,-0.39,5.79
2023-07-17,603170,18.51,19.18,19.18,18.51,50527,99755385.0,3.57,2.18,0.41,4.25
2023-07-18,603170,19.18,18.33,19.19,18.27,40959,78870790.0,4.8,-4.43,-0.85,3.45
2023-07-19,603170,18.27,18.18,18.35,17.68,36719,68765793.0,3.66,-0.82,-0.15,3.09
2023-07-20,603170,18.11,18.06,18.36,18.01,26988,51088161.0,1.93,-0.66,-0.12,2.27
2023-07-21,603170,18.05,18.4,19.07,17.94,40989,79206207.0,6.26,1.88,0.34,3.45
2023-07-24,603170,18.43,18.01,18.53,17.99,32866,61947231.0,2.93,-2.12,-0.39,2.76
2023-07-25,603170,18.15,18.28,18.58,18.15,31777,60688941.0,2.39,1.5,0.27,2.67
2023-07-26,603170,18.31,18.29,18.46,18.08,14528,27683159.0,2.08,0.05,0.01,1.22
2023-07-27,603170,18.42,18.23,18.48,18.2,16967,32421822.0,1.53,-0.33,-0.06,1.43
2023-07-28,603170,18.28,18.44,18.56,18.05,31190,59874961.0,2.8,1.15,0.21,2.62
2023-07-31,603170,18.78,19.1,19.28,18.64,64162,127086908.0,3.47,3.58,0.66,4.04
2023-08-01,603170,18.89,19.42,19.89,18.78,94691,192649932.0,5.81,1.68,0.32,5.96
2023-08-02,603170,19.28,19.15,19.48,18.83,48174,95619952.0,3.35,-1.39,-0.27,3.03
2023-08-03,603170,19.14,19.3,19.73,18.93,62276,125919041.0,4.18,0.78,0.15,3.92
2023-08-04,603170,19.36,19.25,19.78,19.01,59311,119738078.0,3.99,-0.26,-0.05,3.73
2023-08-07,603170,19.14,19.55,19.83,19.13,52901,107812190.0,3.64,1.56,0.3,3.33
2023-08-08,603170,19.55,19.57,19.64,19.26,26052,52665862.0,1.94,0.1,0.02,1.64
2023-08-09,603170,19.5,19.2,19.6,19.17,22020,44193716.0,2.2,-1.89,-0.37,1.39
2023-08-10,603170,19.14,19.29,19.41,19.03,24526,49055298.0,1.98,0.47,0.09,1.54
2023-08-11,603170,19.53,18.55,19.53,18.52,33548,65663292.0,5.24,-3.84,-0.74,2.11
2023-08-14,603170,18.41,18.02,18.52,17.8,28249,53095380.0,3.88,-2.86,-0.53,1.78
2023-08-15,603170,18.02,17.56,18.1,17.42,20539,37745420.0,3.77,-2.55,-0.46,1.29
2023-08-16,603170,17.55,17.55,17.75,17.44,13491,24774657.0,1.77,-0.06,-0.01,0.85
2023-08-17,603170,17.42,17.83,17.87,17.18,19222,35186175.0,3.93,1.6,0.28,1.21
2023-08-18,603170,17.61,17.43,17.92,17.42,12377,22765054.0,2.8,-2.24,-0.4,0.78
2023-08-21,603170,17.34,17.73,18.39,17.3,26433,49442189.0,6.25,1.72,0.3,1.66
2023-08-22,603170,17.85,17.88,18.19,17.4,32896,60469714.0,4.46,0.85,0.15,2.07
2023-08-23,603170,17.75,17.24,17.83,17.23,17837,32457057.0,3.36,-3.58,-0.64,1.12
2023-08-24,603170,17.24,17.61,17.75,17.24,17149,31409631.0,2.96,2.15,0.37,1.08
2023-08-25,603170,17.57,17.39,17.72,17.27,14015,25570469.0,2.56,-1.25,-0.22,0.88
2023-08-28,603170,18.27,17.97,18.72,17.69,30517,57620896.0,5.92,3.34,0.58,1.92
2023-08-29,603170,18.0,18.46,18.56,17.73,24506,46597001.0,4.62,2.73,0.49,1.54
2023-08-30,603170,18.23,18.46,18.78,18.23,15895,30753394.0,2.98,0.0,0.0,1.0
2023-08-31,603170,18.38,18.58,18.93,18.29,25090,48586598.0,3.47,0.65,0.12,1.58
2023-09-01,603170,18.72,18.83,18.93,18.58,31422,61536483.0,1.88,1.35,0.25,1.98
2023-09-04,603170,18.83,20.79,20.79,18.64,109287,227090101.0,11.42,10.41,1.96,6.88
2023-09-05,603170,21.01,20.3,21.01,20.2,73128,155406908.0,3.9,-2.36,-0.49,4.6
2023-09-06,603170,20.35,20.03,20.35,19.89,35719,74228516.0,2.27,-1.33,-0.27,2.25
2023-09-07,603170,20.08,19.58,20.16,19.43,30067,61648394.0,3.64,-2.25,-0.45,1.89
2023-09-08,603170,19.34,20.15,20.35,19.27,47941,99290908.0,5.52,2.91,0.57,3.02
2023-09-11,603170,20.15,20.41,20.53,19.85,60929,128254307.0,3.37,1.29,0.26,3.84
2023-09-12,603170,20.42,20.15,20.46,19.94,29331,61626997.0,2.55,-1.27,-0.26,1.85
2023-09-13,603170,20.15,20.01,20.33,19.86,27390,57229005.0,2.33,-0.69,-0.14,1.72
2023-09-14,603170,19.87,19.73,19.98,19.53,22520,46097317.0,2.25,-1.4,-0.28,1.42
2023-09-15,603170,19.73,19.69,20.0,19.55,14780,30304173.0,2.28,-0.2,-0.04,0.93
2023-09-18,603170,19.8,19.66,19.8,19.43,19950,40634756.0,1.88,-0.15,-0.03,1.26
2023-09-19,603170,19.66,19.39,19.66,19.17,26111,52810482.0,2.49,-1.37,-0.27,1.64
2023-09-20,603170,19.44,19.21,19.59,19.19,16571,33279177.0,2.06,-0.93,-0.18,1.04
2023-09-21,603170,19.19,19.33,19.53,19.08,21990,44117514.0,2.34,0.62,0.12,1.38
2023-09-22,603170,19.33,19.68,19.76,19.04,30876,62310746.0,3.72,1.81,0.35,1.94
2023-09-25,603170,19.52,19.5,19.94,19.25,16826,34251912.0,3.51,-0.91,-0.18,1.06
2023-09-26,603170,19.47,19.07,19.49,19.04,10256,20480513.0,2.31,-2.21,-0.43,0.65
2023-09-27,603170,19.11,19.49,19.69,18.98,28095,56574303.0,3.72,2.2,0.42,1.77
2023-09-28,603170,19.67,18.99,19.7,18.95,18525,36921772.0,3.85,-2.57,-0.5,1.17
2023-10-09,603170,18.93,18.53,18.99,18.39,19745,38246859.0,3.16,-2.42,-0.46,1.24
2023-10-10,603170,18.68,18.59,18.98,18.44,14480,28102562.0,2.91,0.32,0.06,0.91
2023-10-11,603170,18.59,19.02,19.17,18.59,20883,41153597.0,3.12,2.31,0.43,1.31
2023-10-12,603170,19.02,18.56,19.16,18.34,18164,35154062.0,4.31,-2.42,-0.46,1.14
2023-10-13,603170,18.56,18.35,18.56,18.11,11386,21695513.0,2.42,-1.13,-0.21,0.72
2023-10-16,603170,18.43,18.23,18.61,18.2,12109,23210846.0,2.23,-0.65,-0.12,0.76
2023-10-17,603170,18.23,18.24,18.48,18.11,10515,20047495.0,2.03,0.05,0.01,0.66
2023-10-18,603170,18.24,18.28,18.36,17.98,11395,21582177.0,2.08,0.22,0.04,0.72
2023-10-19,603170,18.21,18.51,18.95,17.9,17614,33997272.0,5.74,1.26,0.23,1.11
2023-10-20,603170,18.48,18.03,18.59,17.99,11223,21299030.0,3.24,-2.59,-0.48,0.71
2023-10-23,603170,17.75,18.08,18.29,17.55,16641,31320639.0,4.1,0.28,0.05,1.05
2023-10-24,603170,18.22,18.52,18.53,17.74,14676,27846926.0,4.37,2.43,0.44,0.92
2023-10-25,603170,18.58,18.63,18.84,18.34,11300,21925125.0,2.7,0.59,0.11,0.71
2023-10-26,603170,18.58,17.84,18.58,17.69,19653,36756334.0,4.78,-4.24,-0.79,1.24
2023-10-27,603170,17.84,18.9,18.98,17.63,34030,65832324.0,7.57,5.94,1.06,2.14
2023-10-30,603170,18.87,18.98,19.39,18.6,23754,46953776.0,4.18,0.42,0.08,1.5
2023-10-31,603170,19.22,18.92,19.38,18.68,18984,37415675.0,3.69,-0.32,-0.06,1.2
2023-11-01,603170,18.96,19.34,19.4,18.82,41690,83109460.0,3.07,2.22,0.42,2.63
2023-11-02,603170,19.18,18.49,19.23,18.49,19460,38133377.0,3.83,-4.4,-0.85,1.23
2023-11-03,603170,18.45,18.96,19.15,18.34,24986,48982993.0,4.38,2.54,0.47,1.57
2023-11-06,603170,18.87,18.65,19.13,18.46,27393,53300852.0,3.53,-1.64,-0.31,1.72
2023-11-07,603170,18.81,18.64,18.92,18.43,17409,33743433.0,2.63,-0.05,-0.01,1.1
2023-11-08,603170,18.71,18.39,18.71,18.28,17625,33821369.0,2.31,-1.34,-0.25,1.11
2023-11-09,603170,18.35,18.26,18.56,18.02,23051,43724238.0,2.94,-0.71,-0.13,1.45
2023-11-10,603170,18.13,18.29,18.48,17.99,15567,29683136.0,2.68,0.16,0.03,0.98
2023-11-13,603170,18.36,18.38,18.46,18.13,12281,23448770.0,1.8,0.49,0.09,0.77
2023-11-14,603170,18.38,18.21,18.57,18.06,15585,29621041.0,2.77,-0.92,-0.17,0.98
2023-11-15,603170,18.29,18.52,18.57,18.29,16758,32205895.0,1.54,1.7,0.31,1.06
2023-11-16,603170,18.54,18.06,18.83,17.96,24300,46424692.0,4.7,-2.48,-0.46,1.53
2023-11-17,603170,17.96,18.16,18.18,17.83,12329,23115009.0,1.94,0.55,0.1,0.78
2023-11-20,603170,17.99,17.91,18.13,17.75,21572,40291535.0,2.09,-1.38,-0.25,1.36
2023-11-21,603170,17.91,17.99,18.21,17.79,26847,50488022.0,2.35,0.45,0.08,1.69
2023-11-22,603170,17.85,17.72,17.95,17.65,12462,23130639.0,1.67,-1.5,-0.27,0.78
2023-11-23,603170,17.65,17.81,17.87,17.59,12414,22945900.0,1.58,0.51,0.09,0.78
2023-11-24,603170,17.75,17.93,17.96,17.62,15537,28894212.0,1.91,0.67,0.12,0.98
2023-11-27,603170,17.75,18.31,18.34,17.64,23771,44671971.0,3.9,2.12,0.38,1.5
2023-11-28,603170,18.13,18.22,18.31,17.82,19428,36665229.0,2.68,-0.49,-0.09,1.22
2023-11-29,603170,18.13,18.0,18.33,17.99,18823,35496890.0,1.87,-1.21,-0.22,1.19
2023-11-30,603170,17.98,17.95,18.1,17.75,19972,37322656.0,1.94,-0.28,-0.05,1.26
2023-12-01,603170,17.96,17.76,18.39,17.58,36085,67359861.0,4.51,-1.06,-0.19,2.27
2023-12-04,603170,17.52,16.78,17.52,16.65,42095,73956357.0,4.9,-5.52,-0.98,2.65
2023-12-05,603170,16.63,16.93,17.52,16.56,44202,78972806.0,5.72,0.89,0.15,2.78
2023-12-06,603170,16.93,17.08,17.53,16.65,27210,48504430.0,5.2,0.89,0.15,1.71
2023-12-07,603170,17.08,17.07,17.23,16.33,25542,44740342.0,5.27,-0.06,-0.01,1.61
2023-12-08,603170,16.98,17.02,17.44,16.61,31443,55819972.0,4.86,-0.29,-0.05,1.98
2023-12-11,603170,16.75,16.73,16.84,16.23,22039,38173763.0,3.58,-1.7,-0.29,1.39
2023-12-12,603170,16.68,16.57,16.83,16.53,13506,23511369.0,1.79,-0.96,-0.16,0.85
2023-12-13,603170,16.63,16.06,16.63,16.03,20019,34114855.0,3.62,-3.08,-0.51,1.26
2023-12-14,603170,16.05,15.94,16.3,15.93,11097,18725797.0,2.3,-0.75,-0.12,0.7
2023-12-15,603170,15.93,15.98,16.13,15.9,10541,17681396.0,1.44,0.25,0.04,0.66
2023-12-18,603170,16.04,15.85,16.12,15.81,13160,21983638.0,1.94,-0.81,-0.13,0.83
2023-12-19,603170,15.94,16.04,16.04,15.72,10721,17878111.0,2.02,1.2,0.19,0.68
2023-12-20,603170,16.05,15.78,16.05,15.74,11039,18347409.0,1.93,-1.62,-0.26,0.7
2023-12-21,603170,15.94,16.0,16.08,15.64,17335,28922643.0,2.79,1.39,0.22,1.09
2023-12-22,603170,16.04,15.76,16.11,15.66,16138,26850588.0,2.81,-1.5,-0.24,1.02
2023-12-25,603170,15.73,15.84,15.93,15.66,9511,15758469.0,1.71,0.51,0.08,0.6
2023-12-26,603170,15.98,15.72,15.98,15.64,11351,18850971.0,2.15,-0.76,-0.12,0.71
2023-12-27,603170,15.8,16.11,16.21,15.73,12861,21548909.0,3.05,2.48,0.39,0.81
2023-12-28,603170,16.11,16.43,16.47,15.95,16015,27263394.0,3.23,1.99,0.32,1.01
2023-12-29,603170,16.38,16.14,16.47,15.91,32872,55563856.0,3.41,-1.77,-0.29,2.07
2024-01-02,603170,16.16,16.09,16.25,15.96,15916,26887463.0,1.8,-0.31,-0.05,1.0
2024-01-03,603170,16.01,15.98,16.13,15.81,17658,29463733.0,1.99,-0.68,-0.11,1.11
2024-01-04,603170,15.94,15.66,15.94,15.65,11995,19797076.0,1.81,-2.0,-0.32,0.76
2024-01-05,603170,15.66,15.25,15.7,15.16,20223,32681262.0,3.45,-2.62,-0.41,1.27
2024-01-08,603170,15.26,14.99,15.31,14.98,10871,17322060.0,2.16,-1.7,-0.26,0.68
2024-01-09,603170,15.06,15.0,15.32,14.93,12913,20504095.0,2.6,0.07,0.01,0.81
2024-01-10,603170,14.97,15.63,15.67,14.78,36496,58824344.0,5.93,4.2,0.63,2.3
2024-01-11,603170,15.51,15.68,15.72,15.28,25718,41999210.0,2.82,0.32,0.05,1.62
2024-01-12,603170,15.83,15.78,15.98,15.64,16331,27082713.0,2.17,0.64,0.1,1.03
2024-01-15,603170,15.78,15.75,15.95,15.69,11946,19811034.0,1.65,-0.19,-0.03,0.75
2024-01-16,603170,15.73,15.69,15.95,15.35,15900,26107474.0,3.81,-0.38,-0.06,1.0
2024-01-17,603170,15.68,15.23,15.73,15.21,12065,19584933.0,3.31,-2.93,-0.46,0.76
2024-01-18,603170,15.13,15.51,15.66,14.95,26596,42352126.0,4.66,1.84,0.28,1.67
2024-01-19,603170,15.43,16.04,16.36,15.33,36081,60679506.0,6.64,3.42,0.53,2.27
2024-01-22,603170,15.99,14.75,15.99,14.62,47494,75404191.0,8.54,-8.04,-1.29,2.99
2024-01-23,603170,14.59,15.39,15.46,14.46,28427,45183475.0,6.78,4.34,0.64,1.79
2024-01-24,603170,15.59,17.01,17.01,15.19,128560,222696967.0,11.83,10.53,1.62,8.1
2024-01-25,603170,17.53,18.62,18.79,16.85,292222,550734489.0,11.41,9.47,1.61,18.4
2024-01-26,603170,17.23,16.69,17.46,16.68,160875,283070375.0,4.19,-10.37,-1.93,10.13
2024-01-29,603170,16.39,15.75,16.4,15.38,120725,201329488.0,6.11,-5.63,-0.94,7.6
2024-01-30,603170,15.43,14.1,15.51,14.1,155838,236892050.0,8.95,-10.48,-1.65,9.81
2024-01-31,603170,13.73,12.89,13.8,12.86,138783,194661933.0,6.67,-8.58,-1.21,8.74
2024-02-01,603170,12.77,13.27,13.62,12.53,91656,127709665.0,8.46,2.95,0.38,5.77
2024-02-02,603170,13.2,12.79,13.49,12.34,74403,102118765.0,8.67,-3.62,-0.48,4.69
2024-02-05,603170,12.64,12.74,13.1,11.91,69234,91441861.0,9.3,-0.39,-0.05,4.36
2024-02-06,603170,12.54,13.34,13.47,12.33,67050,92597239.0,8.95,4.71,0.6,4.22
2024-02-07,603170,13.43,13.61,13.83,13.43,71674,102991879.0,3.0,2.02,0.27,4.51
2024-02-08,603170,13.61,14.06,14.17,13.55,54013,79619010.0,4.56,3.31,0.45,3.4
2024-02-19,603170,14.13,14.05,14.27,13.75,52409,77017844.0,3.7,-0.07,-0.01,3.3
2024-02-20,603170,13.94,14.33,14.39,13.79,35272,52606559.0,4.27,1.99,0.28,2.22
2024-02-21,603170,14.13,14.76,15.2,14.13,39692,61908883.0,7.47,3.0,0.43,2.5
2024-02-22,603170,14.65,14.6,14.86,14.39,31787,48678399.0,3.18,-1.08,-0.16,2.0
2024-02-23,603170,14.5,14.55,14.72,14.25,32419,49393697.0,3.22,-0.34,-0.05,2.04
2024-02-26,603170,14.55,14.6,14.87,14.29,29819,45824020.0,3.99,0.34,0.05,1.88
2024-02-27,603170,14.51,14.72,14.75,14.48,18790,28941594.0,1.85,0.82,0.12,1.18
2024-02-28,603170,14.78,14.28,15.17,14.26,34973,54376629.0,6.18,-2.99,-0.44,2.2
2024-02-29,603170,14.26,14.48,14.5,13.94,23665,35675195.0,3.92,1.4,0.2,1.49
2024-03-01,603170,14.43,14.32,14.6,14.21,24089,36377566.0,2.69,-1.1,-0.16,1.52
2024-03-04,603170,14.23,14.34,14.42,14.05,17354,26004439.0,2.58,0.14,0.02,1.09
2024-03-05,603170,14.23,14.09,14.33,14.03,15781,23569673.0,2.09,-1.74,-0.25,0.99
2024-03-06,603170,14.06,14.08,14.22,13.79,18452,27243182.0,3.05,-0.07,-0.01,1.16
2024-03-07,603170,14.02,13.83,14.24,13.83,16960,25094460.0,2.91,-1.78,-0.25,1.07
2024-03-08,603170,13.78,13.73,13.92,13.59,19077,27653440.0,2.39,-0.72,-0.1,1.2
2024-03-11,603170,13.84,14.22,14.28,13.74,26479,39294213.0,3.93,3.57,0.49,1.67
2024-03-12,603170,14.34,14.78,14.86,14.27,40822,62789352.0,4.15,3.94,0.56,2.57
2024-03-13,603170,14.71,14.89,15.32,14.71,35763,56418245.0,4.13,0.74,0.11,2.25
2024-03-14,603170,14.78,14.66,15.02,14.54,16284,25327601.0,3.22,-1.54,-0.23,1.03
2024-03-15,603170,14.65,14.74,14.82,14.45,26179,40359203.0,2.52,0.55,0.08,1.65
2024-03-18,603170,14.74,14.77,14.83,14.5,21429,32949294.0,2.24,0.2,0.03,1.35
2024-03-19,603170,14.73,14.86,15.12,14.59,29340,45976607.0,3.59,0.61,0.09,1.85
2024-03-20,603170,14.83,15.06,15.23,14.74,21065,33285706.0,3.3,1.35,0.2,1.33
2024-03-21,603170,15.11,14.98,15.24,14.86,14253,22483689.0,2.52,-0.53,-0.08,0.9
2024-03-22,603170,14.98,14.77,15.06,14.66,15708,24463880.0,2.67,-1.4,-0.21,0.99
2024-03-25,603170,14.6,14.46,14.89,14.44,17161,26423906.0,3.05,-2.1,-0.31,1.08
2024-03-26,603170,14.43,14.58,14.69,14.4,12167,18624431.0,2.01,0.83,0.12,0.77
2024-03-27,603170,14.64,14.36,14.99,14.34,21538,33237978.0,4.46,-1.51,-0.22,1.36
2024-03-28,603170,14.29,14.32,14.53,14.11,20682,31261357.0,2.92,-0.28,-0.04,1.3
2024-03-29,603170,14.49,14.63,14.63,14.28,12509,19014171.0,2.44,2.16,0.31,0.79
2024-04-01,603170,14.77,15.11,15.21,14.63,29192,46219946.0,3.96,3.28,0.48,1.84
2024-04-02,603170,15.0,15.08,15.23,14.9,20331,32182905.0,2.18,-0.2,-0.03,1.28
2024-04-03,603170,15.08,15.18,15.21,14.89,21728,34412431.0,2.12,0.66,0.1,1.37
2024-04-08,603170,15.2,14.84,15.22,14.78,19943,31279267.0,2.9,-2.24,-0.34,1.26
2024-04-09,603170,14.84,14.91,15.04,14.58,15803,24669689.0,3.1,0.47,0.07,1.0
2024-04-10,603170,14.93,14.73,14.97,14.54,13746,21361129.0,2.88,-1.21,-0.18,0.87
2024-04-11,603170,14.72,14.62,14.99,14.58,13667,21257047.0,2.78,-0.75,-0.11,0.86
2024-04-12,603170,14.7,14.22,14.73,14.15,20769,31405467.0,3.97,-2.74,-0.4,1.31
2024-04-15,603170,14.28,13.76,14.39,13.59,23901,35014762.0,5.63,-3.23,-0.46,1.51
2024-04-16,603170,13.77,13.23,13.78,13.18,29291,41457255.0,4.36,-3.85,-0.53,1.84
2024-04-17,603170,13.43,13.85,13.9,13.35,21553,31209908.0,4.16,4.69,0.62,1.36
2024-04-18,603170,13.8,13.8,14.03,13.66,17368,25426251.0,2.67,-0.36,-0.05,1.09
2024-04-19,603170,13.78,13.74,13.85,13.41,13299,19161230.0,3.19,-0.43,-0.06,0.84
2024-04-22,603170,13.6,13.99,14.17,13.53,16567,24374980.0,4.66,1.82,0.25,1.04
2024-04-23,603170,14.22,14.25,14.37,14.05,17802,26696930.0,2.29,1.86,0.26,1.12
2024-04-24,603170,14.46,14.35,14.46,14.08,12765,19219176.0,2.67,0.7,0.1,0.8
2024-04-25,603170,14.23,14.58,14.64,14.23,16487,25182396.0,2.86,1.6,0.23,1.04
2024-04-26,603170,14.42,13.98,14.42,13.54,58819,85860472.0,6.04,-4.12,-0.6,3.7
2024-04-29,603170,13.79,14.11,14.29,13.79,36908,54672071.0,3.58,0.93,0.13,2.32
2024-04-30,603170,14.27,13.96,14.29,13.85,28262,41703239.0,3.12,-1.06,-0.15,1.78
2024-05-06,603170,14.11,14.42,14.55,14.09,32996,49996930.0,3.3,3.3,0.46,2.08
2024-05-07,603170,14.51,14.33,14.51,14.13,22659,34098297.0,2.64,-0.62,-0.09,1.43
2024-05-08,603170,14.3,13.99,14.33,13.94,21483,31898996.0,2.72,-2.37,-0.34,1.35
2024-05-09,603170,14.04,13.97,14.34,13.96,30536,45455862.0,2.72,-0.14,-0.02,1.92
2024-05-10,603170,14.07,13.83,14.28,13.73,32175,47294672.0,3.94,-1.0,-0.14,2.03
2024-05-13,603170,13.83,13.65,13.86,13.53,22834,33013026.0,2.39,-1.3,-0.18,1.44
2024-05-14,603170,13.64,13.79,13.99,13.64,24212,35318444.0,2.56,1.03,0.14,1.52
2024-05-15,603170,13.78,13.58,13.81,13.55,19712,28370379.0,1.89,-1.52,-0.21,1.24
2024-05-16,603170,13.59,13.58,13.64,13.46,18108,25972228.0,1.33,0.0,0.0,1.14
2024-05-17,603170,13.58,13.82,13.87,13.54,23206,33620351.0,2.43,1.77,0.24,1.46
2024-05-20,603170,13.81,13.93,14.16,13.77,28400,41917114.0,2.82,0.8,0.11,1.79
2024-05-21,603170,13.96,13.63,14.01,13.57,21870,31608171.0,3.16,-2.15,-0.3,1.38
2024-05-22,603170,13.65,13.67,13.75,13.48,19305,27763296.0,1.98,0.29,0.04,1.22
2024-05-23,603170,13.65,13.23,13.65,13.18,24041,33927057.0,3.44,-3.22,-0.44,1.51
2024-05-24,603170,13.32,13.38,13.62,13.2,22986,32724455.0,3.17,1.13,0.15,1.45
2024-05-27,603170,13.38,13.39,13.47,13.11,13264,18573386.0,2.69,0.07,0.01,0.84
2024-05-28,603170,13.35,13.08,13.36,13.03,11414,15934179.0,2.46,-2.32,-0.31,0.72
2024-05-29,603170,13.06,13.13,13.18,13.04,11125,15449718.0,1.07,0.38,0.05,0.7
2024-05-30,603170,13.09,13.09,13.17,12.95,10512,14549497.0,1.68,-0.3,-0.04,0.66
2024-05-31,603170,13.13,13.22,13.29,13.08,9018,12263448.0,1.6,0.99,0.13,0.57
2024-06-03,603170,13.2,12.99,13.22,12.86,13102,17558141.0,2.72,-1.74,-0.23,0.83
2024-06-04,603170,13.0,12.98,13.03,12.81,9462,12604316.0,1.69,-0.08,-0.01,0.6
2024-06-05,603170,13.0,12.82,13.06,12.81,10071,13410743.0,1.93,-1.23,-0.16,0.63
2024-06-06,603170,12.81,12.51,12.86,12.41,18661,24202219.0,3.51,-2.42,-0.31,1.18
2024-06-07,603170,12.58,12.59,12.69,12.33,11196,14414401.0,2.88,0.64,0.08,0.7
2024-06-11,603170,12.5,12.47,12.58,12.22,12434,15952663.0,2.86,-0.95,-0.12,0.78
2024-06-12,603170,12.47,12.47,12.59,12.37,10217,13176881.0,1.76,0.0,0.0,0.64
2024-06-13,603170,12.5,12.3,12.5,12.16,11213,14237281.0,2.73,-1.36,-0.17,0.71
2024-06-14,603170,12.25,12.32,12.47,12.05,20277,25687967.0,3.41,0.16,0.02,1.28
2024-06-17,603170,12.27,12.31,12.45,12.15,14058,17913902.0,2.44,-0.08,-0.01,0.89
2024-06-18,603170,12.33,12.53,12.67,12.27,18280,23655134.0,3.25,1.79,0.22,1.15
2024-06-19,603170,12.6,12.3,12.6,12.28,9819,12541242.0,2.55,-1.84,-0.23,0.62
2024-06-20,603170,12.3,12.1,12.38,12.07,10176,12839360.0,2.52,-1.63,-0.2,0.64
2024-06-21,603170,12.08,12.1,12.14,11.97,6657,8297893.0,1.4,0.0,0.0,0.42
2024-06-24,603170,11.99,11.55,12.02,11.55,13968,16922136.0,3.88,-4.55,-0.55,0.88
2024-06-25,603170,11.58,11.72,11.78,11.56,9539,11508024.0,1.9,1.47,0.17,0.6
2024-06-26,603170,11.8,12.08,12.1,11.68,13765,16961643.0,3.58,3.07,0.36,0.87
2024-06-27,603170,12.08,11.7,12.15,11.66,10410,12726254.0,4.06,-3.15,-0.38,0.66
2024-06-28,603170,11.69,11.48,11.76,11.4,17600,21150213.0,3.08,-1.88,-0.22,1.11
2024-07-01,603170,11.47,11.48,11.58,11.14,14386,16942919.0,3.83,0.0,0.0,0.91
2024-07-02,603170,11.52,11.46,11.56,11.33,8229,9767640.0,2.0,-0.17,-0.02,0.52
2024-07-03,603170,11.46,11.82,12.1,11.34,32481,39810860.0,6.63,3.14,0.36,2.05
2024-07-04,603170,11.61,11.12,11.79,11.08,28115,32935406.0,6.01,-5.92,-0.7,1.77
2024-07-05,603170,11.05,11.38,11.43,11.02,15564,18143836.0,3.69,2.34,0.26,0.98
2024-07-08,603170,11.44,11.11,11.44,11.09,12034,13940260.0,3.08,-2.37,-0.27,0.76
2024-07-09,603170,11.2,11.17,11.3,10.9,11913,13706847.0,3.6,0.54,0.06,0.75
2024-07-10,603170,11.08,11.02,11.17,10.97,11345,12998195.0,1.79,-1.34,-0.15,0.71
2024-07-11,603170,11.18,11.34,11.36,11.11,14228,16604931.0,2.27,2.9,0.32,0.9
2024-07-12,603170,11.32,11.38,11.44,11.23,11851,13912216.0,1.85,0.35,0.04,0.75
2024-07-15,603170,11.38,11.33,11.42,11.19,10486,12276289.0,2.02,-0.44,-0.05,0.66
2024-07-16,603170,11.24,11.34,11.43,11.24,10395,12202101.0,1.68,0.09,0.01,0.65
2024-07-17,603170,11.35,11.43,11.5,11.3,13376,15801639.0,1.76,0.79,0.09,0.84
2024-07-18,603170,11.44,11.46,11.54,11.24,11800,13926809.0,2.62,0.26,0.03,0.74
2024-07-19,603170,11.46,11.65,11.69,11.36,12925,15491510.0,2.88,1.66,0.19,0.81
2024-07-22,603170,11.55,11.44,11.7,11.37,9300,11076373.0,2.83,-1.8,-0.21,0.59
2024-07-23,603170,11.42,11.06,11.42,11.06,12915,15023617.0,3.15,-3.32,-0.38,0.81
2024-07-24,603170,11.01,10.71,11.14,10.67,19125,21364825.0,4.25,-3.16,-0.35,1.2
2024-07-25,603170,10.71,10.75,11.07,10.64,15340,17258194.0,4.01,0.37,0.04,0.97
2024-07-26,603170,10.79,10.8,10.89,10.71,11314,12649195.0,1.67,0.47,0.05,0.71
2024-07-29,603170,10.75,10.73,10.85,10.66,11639,12993428.0,1.76,-0.65,-0.07,0.73
2024-07-30,603170,10.71,10.73,10.79,10.61,11794,13085269.0,1.68,0.0,0.0,0.74
2024-07-31,603170,10.71,11.25,11.27,10.69,20710,23748574.0,5.41,4.85,0.52,1.3
2024-08-01,603170,11.32,11.09,11.5,11.02,17560,20409282.0,4.27,-1.42,-0.16,1.11
2024-08-02,603170,11.0,11.0,11.27,10.98,12258,14115140.0,2.61,-0.81,-0.09,0.77
2024-08-05,603170,10.96,10.83,11.28,10.8,14459,16572009.0,4.36,-1.55,-0.17,0.91
2024-08-06,603170,10.94,11.11,11.17,10.94,14969,17151392.0,2.12,2.59,0.28,0.94
2024-08-07,603170,11.1,10.99,11.12,10.88,10379,11806393.0,2.16,-1.08,-0.12,0.65
2024-08-08,603170,10.97,11.27,11.35,10.92,14489,16807430.0,3.91,2.55,0.28,0.91
2024-08-09,603170,11.24,11.05,11.33,11.02,13133,15156091.0,2.75,-1.95,-0.22,0.83
2024-08-12,603170,11.0,11.04,11.17,10.94,7433,8515323.0,2.08,-0.09,-0.01,0.47
2024-08-13,603170,11.05,10.99,11.09,10.85,8823,9988054.0,2.17,-0.45,-0.05,0.56
2024-08-14,603170,10.99,10.86,10.99,10.75,8598,9661676.0,2.18,-1.18,-0.13,0.54
2024-08-15,603170,10.83,10.82,11.03,10.76,10005,11283870.0,2.49,-0.37,-0.04,0.63
2024-08-16,603170,10.82,10.72,10.84,10.69,8930,9953554.0,1.39,-0.92,-0.1,0.56
2024-08-19,603170,10.66,10.85,10.89,10.65,12726,14262646.0,2.24,1.21,0.13,0.8
2024-08-20,603170,10.79,10.65,10.8,10.63,10030,11125280.0,1.57,-1.84,-0.2,0.63
2024-08-21,603170,10.66,10.71,10.75,10.65,5462,6060759.0,0.94,0.56,0.06,0.34
2024-08-22,603170,10.65,10.48,10.76,10.45,8461,9303109.0,2.89,-2.15,-0.23,0.53
2024-08-23,603170,10.4,10.3,10.48,10.28,9148,9854803.0,1.91,-1.72,-0.18,0.58
2024-08-26,603170,10.36,10.34,10.54,10.26,7544,8134214.0,2.72,0.39,0.04,0.48
2024-08-27,603170,10.25,10.43,10.53,10.25,8266,8920373.0,2.71,0.87,0.09,0.52
2024-08-28,603170,10.39,10.48,10.63,10.26,8417,9166972.0,3.55,0.48,0.05,0.53
2024-08-29,603170,10.5,10.74,10.78,10.43,9469,10460812.0,3.34,2.48,0.26,0.6
2024-08-30,603170,10.74,10.9,11.03,10.51,16168,18176550.0,4.84,1.49,0.16,1.02
2024-09-02,603170,10.91,10.75,10.95,10.73,9081,10183755.0,2.02,-1.38,-0.15,0.57
2024-09-03,603170,10.8,10.87,10.99,10.66,10605,11975699.0,3.07,1.12,0.12,0.67
2024-09-04,603170,10.82,10.8,10.95,10.77,6186,6948248.0,1.66,-0.64,-0.07,0.39
2024-09-05,603170,10.81,10.97,11.05,10.79,7895,8956337.0,2.41,1.57,0.17,0.5
2024-09-06,603170,10.97,10.75,11.04,10.73,7344,8241447.0,2.83,-2.01,-0.22,0.46
2024-09-09,603170,10.71,10.66,10.85,10.6,6534,7244727.0,2.33,-0.84,-0.09,0.41
2024-09-10,603170,10.7,10.72,10.78,10.5,8254,9112231.0,2.63,0.56,0.06,0.52
2024-09-11,603170,10.78,10.67,10.84,10.6,5842,6491921.0,2.24,-0.47,-0.05,0.37
2024-09-12,603170,10.7,10.51,10.78,10.51,5921,6521693.0,2.53,-1.5,-0.16,0.37
2024-09-13,603170,10.54,10.31,10.6,10.26,6649,7184828.0,3.24,-1.9,-0.2,0.42
2024-09-18,603170,10.31,10.17,10.36,10.01,6727,7094123.0,3.39,-1.36,-0.14,0.42
2024-09-19,603170,10.27,10.62,10.81,10.22,17812,19591449.0,5.8,4.42,0.45,1.12
2024-09-20,603170,10.63,10.55,10.65,10.35,10853,11817353.0,2.82,-0.66,-0.07,0.68
2024-09-23,603170,10.52,10.64,10.72,10.48,10951,12080815.0,2.27,0.85,0.09,0.69
2024-09-24,603170,10.79,11.26,11.4,10.71,28059,32214959.0,6.48,5.83,0.62,1.77
2024-09-25,603170,11.33,11.1,11.47,11.07,23055,26938375.0,3.55,-1.42,-0.16,1.45
2024-09-26,603170,11.03,11.99,12.11,11.03,46603,56310532.0,9.73,8.02,0.89,2.93
2024-09-27,603170,12.42,12.67,12.77,12.29,36734,47569142.0,4.0,5.67,0.68,2.31
2024-09-30,603170,13.93,13.72,13.93,13.15,66222,92542693.0,6.16,8.29,1.05,4.17
2024-10-08,603170,14.98,14.63,15.12,13.51,82645,122022622.0,11.73,6.63,0.91,5.2
2024-10-09,603170,14.41,13.15,14.41,13.14,33287,46091307.0,8.68,-10.12,-1.48,2.1
2024-10-10,603170,13.14,13.25,13.69,13.01,28514,38829082.0,5.17,0.76,0.1,1.8
2024-10-11,603170,13.39,12.82,13.51,12.75,25258,33472522.0,5.74,-3.25,-0.43,1.59
2024-10-14,603170,12.86,12.79,13.02,12.37,23561,30408368.0,5.07,-0.23,-0.03,1.48
2024-10-15,603170,12.67,12.31,12.78,12.3,24697,31650327.0,3.75,-3.75,-0.48,1.56
2024-10-16,603170,12.15,12.19,12.41,12.06,15400,19207796.0,2.84,-0.97,-0.12,0.97
2024-10-17,603170,12.25,12.01,12.51,12.01,13933,17368517.0,4.1,-1.48,-0.18,0.88
2024-10-18,603170,11.97,12.25,12.53,11.88,26495,32812336.0,5.41,2.0,0.24,1.67
2024-10-21,603170,12.29,12.22,12.43,12.08,18705,23437788.0,2.86,-0.24,-0.03,1.18
2024-10-22,603170,12.28,12.56,12.56,12.14,18341,23113303.0,3.44,2.78,0.34,1.15
2024-10-23,603170,12.57,12.6,12.73,12.39,16996,21814439.0,2.71,0.32,0.04,1.07
2024-10-24,603170,12.6,12.56,12.75,12.46,10475,13442977.0,2.3,-0.32,-0.04,0.66
2024-10-25,603170,12.48,12.77,12.79,12.46,12733,16488003.0,2.63,1.67,0.21,0.8
2024-10-28,603170,12.77,13.22,13.32,12.66,22206,29477286.0,5.17,3.52,0.45,1.4
2024-10-29,603170,13.2,12.81,13.25,12.77,21290,28077106.0,3.63,-3.1,-0.41,1.34
2024-10-30,603170,12.77,12.52,13.03,12.4,15191,19587787.0,4.92,-2.26,-0.29,0.96
2024-10-31,603170,12.55,12.61,12.7,12.35,18817,24055390.0,2.8,0.72,0.09,1.18
2024-11-01,603170,12.61,12.46,12.66,12.34,15065,19175091.0,2.54,-1.19,-0.15,0.95
2024-11-04,603170,12.41,13.14,13.16,12.41,24402,31930769.0,6.02,5.46,0.68,1.54
2024-11-05,603170,13.15,13.35,13.48,13.02,29860,40503783.0,3.5,1.6,0.21,1.88
2024-11-06,603170,13.35,13.12,13.42,12.98,25511,34162558.0,3.3,-1.72,-0.23,1.61
2024-11-07,603170,13.11,14.03,14.25,13.08,58714,82362414.0,8.92,6.94,0.91,3.7
2024-11-08,603170,14.03,13.72,14.19,13.6,39561,55637062.0,4.21,-2.21,-0.31,2.49
2024-11-11,603170,13.72,13.94,13.99,13.56,31802,44616330.0,3.13,1.6,0.22,2.0
2024-11-12,603170,13.95,14.39,14.91,13.81,56298,83341075.0,7.89,3.23,0.45,3.54
2024-11-13,603170,14.25,14.17,14.31,13.89,21153,30270662.0,2.92,-1.53,-0.22,1.33
2024-11-14,603170,14.17,13.94,14.51,13.85,27733,40062001.0,4.66,-1.62,-0.23,1.75
2024-11-15,603170,13.88,14.15,14.78,13.86,33103,48197342.0,6.6,1.51,0.21,2.08
2024-11-18,603170,14.61,14.54,15.34,14.26,62634,93574295.0,7.63,2.76,0.39,3.94
2024-11-19,603170,14.53,14.77,14.91,14.3,35054,52214311.0,4.2,1.58,0.23,2.21
2024-11-20,603170,14.71,14.57,14.9,14.4,28670,42603244.0,3.39,-1.35,-0.2,1.81
2024-11-21,603170,14.47,14.35,14.51,14.2,25250,36871207.0,2.13,-1.51,-0.22,1.59
2024-11-22,603170,14.35,13.68,14.42,13.63,30465,43444922.0,5.51,-4.67,-0.67,1.92
2024-11-25,603170,13.64,13.98,14.09,13.59,30403,43039449.0,3.65,2.19,0.3,1.91
2024-11-26,603170,13.99,14.18,14.27,13.9,18216,26207813.0,2.65,1.43,0.2,1.15
2024-11-27,603170,14.16,14.64,14.65,13.93,23423,34054097.0,5.08,3.24,0.46,1.47
2024-11-28,603170,14.7,15.39,15.68,14.66,70356,109589180.0,6.97,5.12,0.75,4.43
2024-11-29,603170,15.53,16.1,16.85,15.53,93689,153199459.0,8.58,4.61,0.71,5.9
2024-12-02,603170,16.1,15.75,16.61,15.68,83453,137153860.0,5.78,-2.17,-0.35,5.25
2024-12-03,603170,15.85,15.73,15.87,15.25,50787,80399921.0,3.94,-0.13,-0.02,3.2
2024-12-04,603170,15.73,15.45,16.29,15.28,36376,58002220.0,6.42,-1.78,-0.28,2.29
2024-12-05,603170,15.43,15.57,15.85,15.05,29553,46292238.0,5.18,0.78,0.12,1.86
2024-12-06,603170,15.46,15.61,15.85,15.31,30759,48742313.0,3.47,0.26,0.04,1.94
2024-12-09,603170,15.61,15.75,16.32,15.38,39608,63871842.0,6.02,0.9,0.14,2.49
2024-12-10,603170,16.74,16.04,16.95,15.94,75957,126120062.0,6.41,1.84,0.29,4.78
2024-12-11,603170,16.35,16.24,16.59,15.97,75655,124925233.0,3.87,1.25,0.2,4.76
2024-12-12,603170,16.08,16.79,17.09,15.91,99313,167171727.0,7.27,3.39,0.55,6.25
2024-12-13,603170,16.65,16.86,17.12,16.47,83929,143462083.0,3.87,0.42,0.07,5.28
2024-12-16,603170,17.12,16.79,17.2,16.25,67367,114985294.0,5.63,-0.42,-0.07,4.24
2024-12-17,603170,16.66,16.12,16.93,16.03,52322,87019474.0,5.36,-3.99,-0.67,3.29
2024-12-18,603170,16.06,15.91,16.24,15.86,25343,41228991.0,2.36,-1.3,-0.21,1.6
2024-12-19,603170,15.79,16.17,16.92,15.78,59107,98290776.0,7.17,1.63,0.26,3.72
2024-12-20,603170,16.53,16.18,16.9,16.08,52780,88347200.0,5.07,0.06,0.01,3.32
2024-12-23,603170,16.04,15.33,16.27,15.21,56991,90032282.0,6.55,-5.25,-0.85,3.59
2024-12-24,603170,15.44,16.3,16.3,15.36,61305,99197586.0,6.13,6.33,0.97,3.86
2024-12-25,603170,16.31,16.15,16.37,15.25,48285,77276220.0,6.87,-0.92,-0.15,3.04
2024-12-26,603170,16.03,15.72,16.21,15.63,39682,63919360.0,3.59,-2.66,-0.43,2.5
2024-12-27,603170,15.7,15.03,15.7,14.75,48581,74144540.0,6.04,-4.39,-0.69,3.06
2024-12-30,603170,14.92,15.26,15.3,14.73,36074,55396721.0,3.79,1.53,0.23,2.27
2024-12-31,603170,15.25,14.97,15.35,14.86,23382,35785128.0,3.21,-1.9,-0.29,1.47
2025-01-02,603170,14.97,15.1,15.81,14.77,37415,58267486.0,6.95,0.87,0.13,2.36
2025-01-03,603170,15.06,14.67,15.26,14.55,32841,49477165.0,4.7,-2.85,-0.43,2.07
2025-01-06,603170,14.61,14.29,14.78,14.08,35708,52250681.0,4.77,-2.59,-0.38,2.25
2025-01-07,603170,14.33,14.08,14.44,13.95,25477,36644606.0,3.43,-1.47,-0.21,1.6
2025-01-08,603170,14.0,14.3,14.44,13.71,26305,37630549.0,5.18,1.56,0.22,1.66
2025-01-09,603170,14.16,14.14,14.4,14.01,15497,22366793.0,2.73,-1.12,-0.16,0.98
2025-01-10,603170,14.2,13.75,14.26,13.75,9762,13867198.0,3.61,-2.76,-0.39,0.61
2025-01-13,603170,13.66,13.86,13.95,13.43,18110,25337462.0,3.78,0.8,0.11,1.14
2025-01-14,603170,13.95,14.41,14.46,13.87,22449,32629876.0,4.26,3.97,0.55,1.41
2025-01-15,603170,14.45,14.25,14.56,14.22,10663,15566810.0,2.36,-1.11,-0.16,0.67
2025-01-16,603170,14.32,14.37,14.5,14.2,13305,19411589.0,2.11,0.84,0.12,0.84
2025-01-17,603170,14.29,14.83,14.95,14.22,20941,31232786.0,5.08,3.2,0.46,1.32
2025-01-20,603170,14.92,15.0,15.47,14.92,15528,23932118.0,3.71,1.15,0.17,0.98
2025-01-21,603170,15.14,14.71,15.14,14.33,21248,31605647.0,5.4,-1.93,-0.29,1.34
2025-01-22,603170,14.66,14.4,14.71,14.31,11238,16489909.0,2.72,-2.11,-0.31,0.71
2025-01-23,603170,14.54,14.13,14.55,14.12,15057,21857397.0,2.99,-1.88,-0.27,0.95
2025-01-24,603170,14.14,13.99,14.25,13.93,11243,16049308.0,2.26,-0.99,-0.14,0.71
2025-01-27,603170,13.99,14.43,14.69,13.99,19572,28675792.0,5.0,3.15,0.44,1.23
2025-02-05,603170,14.63,13.62,14.63,13.55,34894,48906273.0,7.48,-5.61,-0.81,2.2
2025-02-06,603170,13.62,13.69,13.87,13.52,17597,24525292.0,2.57,0.51,0.07,1.11
2025-02-07,603170,13.71,13.61,13.83,13.53,23730,33027901.0,2.19,-0.58,-0.08,1.49
2025-02-10,603170,13.61,14.07,14.13,13.35,34015,47452057.0,5.73,3.38,0.46,2.14
2025-02-11,603170,14.18,13.78,14.2,13.74,27278,38709450.0,3.27,-2.06,-0.29,1.72
2025-02-12,603170,13.81,13.55,13.81,13.3,36794,50481980.0,3.7,-1.67,-0.23,2.32
2025-02-13,603170,13.55,13.52,13.65,13.41,19896,27421672.0,1.77,-0.22,-0.03,1.25
2025-02-14,603170,13.42,13.51,13.6,13.42,12485,17161145.0,1.33,-0.07,-0.01,0.79
2025-02-17,603170,13.52,13.72,13.95,13.52,24259,33958119.0,3.18,1.55,0.21,1.53
2025-02-18,603170,13.73,13.4,13.75,13.31,22797,31222294.0,3.21,-2.33,-0.32,1.44
2025-02-19,603170,13.45,13.43,13.53,13.31,17597,24086854.0,1.64,0.22,0.03,1.11
2025-02-20,603170,13.55,13.38,13.62,13.22,26216,35758220.0,2.98,-0.37,-0.05,1.65
2025-02-21,603170,13.38,13.02,13.38,12.96,39985,53363187.0,3.14,-2.69,-0.36,2.52
2025-02-24,603170,12.96,13.24,13.29,12.95,24094,32321641.0,2.61,1.69,0.22,1.52
2025-02-25,603170,13.25,13.25,13.3,13.07,17570,23698504.0,1.74,0.08,0.01,1.11
2025-02-26,603170,13.26,13.29,13.39,13.15,15014,20267150.0,1.81,0.3,0.04,0.95
2025-02-27,603170,13.25,13.78,13.99,13.25,48389,67685208.0,5.57,3.69,0.49,3.05
2025-02-28,603170,13.74,13.71,13.99,13.57,23546,33121634.0,3.05,-0.51,-0.07,1.48
2025-03-03,603170,13.75,13.77,14.11,13.66,23091,32573340.0,3.28,0.44,0.06,1.45
2025-03-04,603170,13.68,13.75,13.8,13.52,15709,21923245.0,2.03,-0.15,-0.02,0.99
2025-03-05,603170,13.71,13.04,13.8,12.86,37285,50094453.0,6.84,-5.16,-0.71,2.35
2025-03-06,603170,13.05,12.96,13.13,12.85,41030,54214587.0,2.15,-0.61,-0.08,2.58
2025-03-07,603170,12.98,12.94,13.09,12.83,23787,31364796.0,2.01,-0.15,-0.02,1.5
2025-03-10,603170,12.95,12.99,13.05,12.85,23247,30691252.0,1.55,0.39,0.05,1.46
2025-03-11,603170,12.87,12.77,12.88,12.55,53060,68540994.0,2.54,-1.69,-0.22,3.34
2025-03-12,603170,12.75,12.64,12.78,12.56,34906,44943157.0,1.72,-1.02,-0.13,2.2
2025-03-13,603170,12.6,12.63,12.68,12.48,21850,28025123.0,1.58,-0.08,-0.01,1.38
2025-03-14,603170,12.63,13.51,13.8,12.6,96595,130543353.0,9.5,6.97,0.88,6.08
2025-03-17,603170,13.51,13.59,14.22,13.51,66809,93473748.0,5.26,0.59,0.08,4.21
2025-03-18,603170,13.65,13.38,13.72,13.31,25812,35203742.0,3.02,-1.55,-0.21,1.63
2025-03-19,603170,13.35,13.18,13.39,13.15,17651,23857149.0,1.79,-1.49,-0.2,1.11
2025-03-20,603170,13.27,13.08,13.34,13.03,15273,20460391.0,2.35,-0.76,-0.1,0.96
2025-03-21,603170,13.06,12.87,13.17,12.84,16360,21628419.0,2.52,-1.61,-0.21,1.03
2025-03-24,603170,12.86,12.55,13.42,12.36,63970,83625264.0,8.24,-2.49,-0.32,4.03
2025-03-25,603170,12.56,12.6,12.62,12.35,23713,30144842.0,2.15,0.4,0.05,1.49
2025-03-26,603170,12.51,12.82,12.87,12.51,21557,28006308.0,2.86,1.75,0.22,1.36
2025-03-27,603170,12.76,12.93,12.98,12.67,19315,25318622.0,2.42,0.86,0.11,1.22
2025-03-28,603170,12.92,12.64,13.04,12.63,15417,20159361.0,3.17,-2.24,-0.29,0.97
2025-03-31,603170,12.63,12.65,12.89,12.47,17315,22302202.0,3.32,0.08,0.01,1.09
2025-04-01,603170,12.65,13.1,13.31,12.59,37707,50445063.0,5.69,3.56,0.45,2.37
2025-04-02,603170,13.05,12.99,13.44,12.96,20906,28083898.0,3.66,-0.84,-0.11,1.32
2025-04-03,603170,12.87,13.14,13.17,12.87,18574,24649265.0,2.31,1.15,0.15,1.17
2025-04-07,603170,12.87,11.84,12.88,11.8,44587,55810642.0,8.22,-9.89,-1.3,2.81
2025-04-08,603170,11.98,12.5,12.65,11.94,44866,56780110.0,6.0,5.57,0.66,2.83
2025-04-09,603170,12.42,12.66,12.76,12.05,31142,39311388.0,5.68,1.28,0.16,1.96
2025-04-10,603170,13.14,12.99,13.14,12.74,35255,46370469.0,3.16,2.61,0.33,2.22
2025-04-11,603170,13.04,13.01,13.12,12.79,27368,36120338.0,2.54,0.15,0.02,1.72
2025-04-14,603170,13.0,13.26,13.56,12.95,35208,47695756.0,4.69,1.92,0.25,2.22
2025-04-15,603170,13.25,13.53,13.79,12.96,60620,83266871.0,6.26,2.04,0.27,3.82
2025-04-16,603170,13.5,13.68,13.7,13.25,45223,62158216.0,3.33,1.11,0.15,2.85
2025-04-17,603170,13.56,14.18,14.25,13.33,77267,109920853.0,6.73,3.65,0.5,4.87
2025-04-18,603170,14.14,13.7,14.16,13.66,41651,58691216.0,3.53,-3.39,-0.48,2.62
2025-04-21,603170,13.65,13.7,13.9,13.56,30298,42367277.0,2.48,0.0,0.0,1.91
2025-04-22,603170,13.6,13.77,13.89,13.46,20972,29235040.0,3.14,0.51,0.07,1.32
2025-04-23,603170,13.7,13.19,13.75,13.12,38729,52807463.0,4.58,-4.21,-0.58,2.44
2025-04-24,603170,13.19,13.55,13.61,13.13,41843,57429805.0,3.64,2.73,0.36,2.63
2025-04-25,603170,13.65,13.27,14.04,13.15,47774,65592601.0,6.57,-2.07,-0.28,3.01
2025-04-28,603170,13.24,12.09,13.24,12.05,100991,127535917.0,8.97,-8.89,-1.18,6.36
2025-04-29,603170,12.07,12.51,12.63,12.01,49646,62762368.0,5.13,3.47,0.42,3.13
2025-04-30,603170,12.5,12.52,13.0,12.44,34352,44470255.0,4.48,0.08,0.01,2.16
2025-05-06,603170,12.58,12.69,12.88,12.53,36412,47029991.0,2.8,1.36,0.17,2.29
2025-05-07,603170,12.79,12.97,13.08,12.75,41875,55300680.0,2.6,2.21,0.28,2.64
2025-05-08,603170,13.03,13.05,13.13,12.73,20237,26833391.0,3.08,0.62,0.08,1.27
2025-05-09,603170,13.05,13.11,13.33,12.88,33225,44359058.0,3.45,0.46,0.06,2.09
2025-05-12,603170,12.95,12.94,13.03,12.68,40065,52313388.0,2.67,-1.3,-0.17,2.52
2025-05-13,603170,13.0,12.9,13.07,12.81,16656,21934497.0,2.01,-0.31,-0.04,1.05
2025-05-14,603170,12.92,12.89,13.0,12.75,15340,20121237.0,1.94,-0.08,-0.01,0.97
2025-05-15,603170,12.93,12.92,13.02,12.81,14794,19472015.0,1.63,0.23,0.03,0.93
2025-05-16,603170,12.95,12.92,12.95,12.76,12902,16901602.0,1.47,0.0,0.0,0.81
2025-05-19,603170,12.89,13.51,13.6,12.89,39670,53620238.0,5.5,4.57,0.59,2.5
2025-05-20,603170,13.56,13.79,13.9,13.41,47353,66154759.0,3.63,2.07,0.28,2.98
2025-05-21,603170,13.76,13.75,14.14,13.63,26508,37195415.0,3.7,-0.29,-0.04,1.67
2025-05-22,603170,13.75,13.6,13.97,13.5,22666,31555747.0,3.42,-1.09,-0.15,1.43
2025-05-23,603170,13.64,13.27,13.64,13.15,32605,44661540.0,3.6,-2.43,-0.33,2.05
2025-05-26,603170,13.26,13.51,13.57,13.16,31842,43272416.0,3.09,1.81,0.24,2.01
2025-05-27,603170,13.42,13.53,13.7,13.33,31481,43390513.0,2.74,0.15,0.02,1.98
2025-05-28,603170,13.51,14.01,14.1,13.35,46947,65989220.0,5.54,3.55,0.48,2.96
2025-05-29,603170,14.02,13.74,14.02,13.7,34613,48589871.0,2.28,-1.93,-0.27,2.18
2025-05-30,603170,13.73,13.4,13.87,13.38,26537,36665356.0,3.57,-2.47,-0.34,1.67
2025-06-03,603170,13.43,13.53,13.68,13.38,22387,30279574.0,2.24,0.97,0.13,1.41
2025-06-04,603170,13.5,14.02,14.14,13.38,42797,59111198.0,5.62,3.62,0.49,2.69
2025-06-05,603170,14.11,13.62,14.2,13.54,38876,53566217.0,4.71,-2.85,-0.4,2.45
2025-06-06,603170,13.62,13.53,13.68,13.45,26030,35202949.0,1.69,-0.66,-0.09,1.64
2025-06-09,603170,13.53,13.74,13.76,13.45,26594,36231032.0,2.29,1.55,0.21,1.67
2025-06-10,603170,13.76,13.66,13.85,13.48,26598,36378747.0,2.69,-0.58,-0.08,1.67
2025-06-11,603170,13.58,13.6,13.79,13.57,24718,33779757.0,1.61,-0.44,-0.06,1.56
2025-06-12,603170,13.68,13.23,13.68,13.08,50534,67105216.0,4.41,-2.72,-0.37,3.18
2025-06-13,603170,13.19,12.66,13.2,12.61,42891,54884162.0,4.46,-4.31,-0.57,2.7
2025-06-16,603170,12.66,12.45,12.7,12.4,52067,64926394.0,2.37,-1.66,-0.21,3.28
2025-06-17,603170,12.57,12.38,12.57,12.35,29984,37249997.0,1.77,-0.56,-0.07,1.89
2025-06-18,603170,12.36,12.34,12.38,12.01,22788,28029701.0,2.99,-0.32,-0.04,1.43
2025-06-19,603170,12.33,12.21,12.4,12.16,23659,28947786.0,1.94,-1.05,-0.13,1.49
2025-06-20,603170,12.23,12.22,12.38,12.2,18687,22921068.0,1.47,0.08,0.01,1.18
2025-06-23,603170,12.2,12.25,12.3,12.07,23015,28147151.0,1.88,0.25,0.03,1.45
2025-06-24,603170,12.28,12.36,12.4,12.26,28838,35604101.0,1.14,0.9,0.11,1.82
2025-06-25,603170,12.4,12.47,12.56,12.27,26870,33329148.0,2.35,0.89,0.11,1.69
2025-06-26,603170,12.44,12.38,12.48,12.35,16261,20174896.0,1.04,-0.72,-0.09,1.02
2025-06-27,603170,12.38,12.43,12.47,12.36,17230,21397223.0,0.89,0.4,0.05,1.08
2025-06-30,603170,12.44,12.47,12.48,12.34,22305,27683611.0,1.13,0.32,0.04,1.4
2025-07-01,603170,12.44,12.48,12.51,12.36,14831,18469338.0,1.2,0.08,0.01,0.93
2025-07-02,603170,12.52,12.39,12.52,12.3,24658,30538974.0,1.76,-0.72,-0.09,1.55
2025-07-03,603170,12.35,12.51,12.54,12.32,21675,27058885.0,1.78,0.97,0.12,1.36
2025-07-04,603170,12.51,12.41,12.54,12.39,16880,21002080.0,1.2,-0.8,-0.1,1.06
2025-07-07,603170,12.46,12.43,12.55,12.32,20478,25368383.0,1.85,0.16,0.02,1.29
2025-07-08,603170,12.43,12.55,12.55,12.43,22911,28646028.0,0.97,0.97,0.12,1.44
2025-07-09,603170,12.54,12.54,12.67,12.5,19917,25069045.0,1.35,-0.08,-0.01,1.25
2025-07-10,603170,12.47,12.52,12.59,12.42,19187,23945614.0,1.36,-0.16,-0.02,1.21
2025-07-11,603170,12.52,12.48,12.59,12.42,29040,36319995.0,1.36,-0.32,-0.04,1.83
2025-07-14,603170,12.46,12.47,12.48,12.41,28339,35258519.0,0.56,-0.08,-0.01,1.78
2025-07-15,603170,12.43,12.12,12.5,12.03,61173,74496766.0,3.77,-2.81,-0.35,1.53
2025-07-16,603170,12.16,12.17,12.22,12.1,28618,34802677.0,0.99,0.41,0.05,0.72
2025-07-17,603170,12.19,12.14,12.34,12.08,38962,47474914.0,2.14,-0.25,-0.03,0.97
2025-07-18,603170,12.18,12.19,12.2,12.1,19917,24203381.0,0.82,0.41,0.05,0.5
2025-07-21,603170,12.21,12.33,12.34,12.19,30490,37447341.0,1.23,1.15,0.14,0.76
2025-07-22,603170,12.37,12.5,12.56,12.29,36351,45208261.0,2.19,1.38,0.17,0.91
2025-07-23,603170,12.56,12.5,12.62,12.45,29698,37215747.0,1.36,0.0,0.0,0.74
2025-07-24,603170,12.52,12.58,12.59,12.46,27654,34670267.0,1.04,0.64,0.08,0.69
2025-07-25,603170,12.59,12.6,12.7,12.55,24220,30569174.0,1.19,0.16,0.02,0.61
2025-07-28,603170,12.67,12.68,12.72,12.55,26169,33102966.0,1.35,0.63,0.08,0.65
2025-07-29,603170,12.68,12.71,12.76,12.6,31091,39392792.0,1.26,0.24,0.03,0.78
2025-07-30,603170,12.7,12.84,12.93,12.64,33194,42543129.0,2.28,1.02,0.13,0.83
2025-07-31,603170,12.86,12.54,12.86,12.5,31390,39599949.0,2.8,-2.34,-0.3,0.78
2025-08-01,603170,12.54,12.65,12.73,12.53,21125,26732288.0,1.59,0.88,0.11,0.53
